PrevClinName1,PrevClinName2,ClinCityCode,ClinStateCode,MedicalDirector,CurrentClinicName1,CurrentClinicName2,CurrentClinicCity,CurrentClinicState,match_score
UNIVERSITY OF ALABAMA AT BIRMINGHAM,,BIRMINGHAM,ALABAMA,"Gordon W. Bates, MD",SCOTT & WHITE CLINIC-TEMPLE,,TEMPLE,TEXAS,13
CENTER FOR REPRODUCTIVE MEDICINE,,MOBILE,ALABAMA,"George T. Koulianos, MD",CENTER FOR REPRODUCTIVE MEDICINE,,MOBILE,ALABAMA,100
SOUTHWEST FERTILITY CENTER,,PHOENIX,ARIZONA,"Sujatha Gunnala, MD",SOUTHWEST FERTILITY CENTER,,PHOENIX,ARIZONA,100
ARIZONA ASSOCIATES FOR REPRODUCTIVE HEALTH,,SCOTTSDALE,ARIZONA,"Ketan S. Patel, MD",ARIZONA ASSOCIATES FOR REPRODUCTIVE HEALTH,ACFS FERTILITY,SCOTTSDALE,ARIZONA,100
IVF PHOENIX,,SCOTTSDALE,ARIZONA,"John L. Couvaras, MD",IVF PHOENIX,,SCOTTSDALE,ARIZONA,100
FERTILITY TREATMENT CENTER,,TEMPE,ARIZONA,"H. Randall Craig, MD","FERTILITY TREATMENT CENTER, PC",,TEMPE,ARIZONA,93
ARIZONA CENTER FOR REPRODUCTIVE ENDOCRINOLOGY AND INFERTILITY,,TUCSON,ARIZONA,"Timothy J. Gelety, MD",ARIZONA CENTER FOR REPRODUCTIVE ENDOCRINOLOGY AND INFERTILITY,,TUCSON,ARIZONA,100
REPRODUCTIVE HEALTH CENTER,,TUCSON,ARIZONA,"Scot M. Hutchison, MD",REPRODUCTIVE HEALTH CENTER,,TUCSON,ARIZONA,100
ARKANSAS FERTILITY CENTER,LITTLE ROCK FERTILITY CENTER,LITTLE ROCK,ARKANSAS,"Dean M. Moutos, MD",ARKANSAS FERTILITY CENTER,,LITTLE ROCK,ARKANSAS,100
LIFESTART FERTILITY CENTER,,AGOURA HILLS,CALIFORNIA,"Anita P. Singh, MD",LIFESTART FERTILITY CENTER,,AGOURA HILLS,CALIFORNIA,100
ALTA BATES IN VITRO FERTILIZATION PROGRAM,,BERKELEY,CALIFORNIA,"Ryszard J. Chetkowski, MD",ALTA BATES IN VITRO FERTILIZATION PROGRAM,,BERKELEY,CALIFORNIA,100
CALIFORNIA CENTER FOR REPRODUCTIVE HEALTH,BEVERLY HILLS REPRODUCTIVE FERTILITY CENTER,BEVERLY HILLS,CALIFORNIA,"Peyman Saadat, MD",CALIFORNIA CENTER FOR REPRODUCTIVE HEALTH,REPRODUCTIVE FERTILITY CENTER,WEST HOLLYWOOD,CALIFORNIA,100
CENTER FOR REPRODUCTIVE HEALTH & GYNECOLOGY,(CRH&G),BEVERLY HILLS,CALIFORNIA,"Sam Najmabadi, MD",CENTER FOR REPRODUCTIVE HEALTH & GYNECOLOGY,(CRH&G),BEVERLY HILLS,CALIFORNIA,100
SOUTHERN CALIFORNIA REPRODUCTIVE CENTER,,BEVERLY HILLS,CALIFORNIA,"Mark W. Surrey, MD",SOUTHERN CALIFORNIA REPRODUCTIVE CENTER,,BEVERLY HILLS,CALIFORNIA,100
"CALIFORNIA IVF FERTILITY CENTER, INC.",,DAVIS,CALIFORNIA,"Ernest J. Zeringue, MD",CALIFORNIA IVF FERTILITY CENTER,,SACRAMENTO,CALIFORNIA,91
"THE FERTILITY INSTITUTES, LOS ANGELES, NEW YORK, GUADALAJARA",,ENCINO,CALIFORNIA,"Jeffrey Steinberg, MD","THE FERTILITY INSTITUTES-LOS ANGELES, NEW YORK, GUADALAJARA",,NEW YORK,NEW YORK,97
WEST COAST FERTILITY CENTERS,,FOUNTAIN VALLEY,CALIFORNIA,"David G. Diaz, MD",WEST COAST FERTILITY CENTER,,FOUNTAIN VALLEY,CALIFORNIA,98
XPERT FERTILITY CARE OF CALIFORNIA,"MINH N. HO, MD, FACOG",FOUNTAIN VALLEY,CALIFORNIA,"Minh N. Ho, MD",REPRODUCTIVE SCIENCES MEDICAL CENTER,,SAN DIEGO,CALIFORNIA,31
KAISER PERMANENTE CENTER FOR REPRODUCTIVE HEALTH,,FREMONT,CALIFORNIA,"Lisa Farah-Eways, MD",KAISER PERMANENTE CENTER FOR REPRODUCTIVE HEALTH-FREMONT,,FREMONT,CALIFORNIA,92
KAISER PERMANENTE CENTER FOR REPRODUCTIVE HEALTH,,FREMONT,CALIFORNIA,"Lisa Farah-Eways, MD",KAISER PERMANENTE CENTER FOR REPRODUCTIVE HEALTH-SACRAMENTO,,SACRAMENTO,CALIFORNIA,90
"COASTAL FERTILITY MEDICAL CENTER, INC.",,IRVINE,CALIFORNIA,"Lawrence B. Werlin, MD","COASTAL FERTILITY MEDICAL CENTER, INC.",,IRVINE,CALIFORNIA,100
FERTILITY CENTER OF SOUTHERN CALIFORNIA,,IRVINE,CALIFORNIA,"Ilene E. Hatch, MD",FERTILITY CENTER OF SOUTHERN CALIFORNIA,,IRVINE,CALIFORNIA,100
REPRODUCTIVE FERTILITY CENTER-OC,,IRVINE,CALIFORNIA,"James P. Lin, MD",REPRODUCTIVE FERTILITY CENTER,LINFERTILITY FAMILY FOUNDATION,IRVINE,CALIFORNIA,95
REPRODUCTIVE PARTNERS-UCSD REGIONAL FERTILITY CENTER,,LA JOLLA,CALIFORNIA,"V. Gabriel Garzo, MD",REPRODUCTIVE PARTNERS FERTILITY CENTER-SAN DIEGO,,LA JOLLA,CALIFORNIA,76
REPRODUCTIVE SCIENCES CENTER,,LA JOLLA,CALIFORNIA,"Samuel H. Wood, MD, PhD",GEN 5 FERTILITY CENTER,,SAN DIEGO,CALIFORNIA,44
CALIFORNIA FERTILITY PARTNERS,,LOS ANGELES,CALIFORNIA,"Richard P. Marrs, MD",CALIFORNIA FERTILITY PARTNERS,,LOS ANGELES,CALIFORNIA,100
CEDARS SINAI MEDICAL CENTER,CENTER FOR FERTILITY AND REPRODUCTIVE MEDICINE,LOS ANGELES,CALIFORNIA,"Margareta D. Pisarska, MD",CEDARS SINAI MEDICAL CENTER,CENTER FOR FERTILITY AND REPRODUCTIVE MEDICINE,LOS ANGELES,CALIFORNIA,100
PACIFIC FERTILITY CENTER-LOS ANGELES,,LOS ANGELES,CALIFORNIA,"Vicken Sahakian, MD",PACIFIC FERTILITY CENTER-LOS ANGELES,,LOS ANGELES,CALIFORNIA,100
THE FERTILITY AND GYNECOLOGY CENTER,MONTEREY BAY IVF PROGRAM,MONTEREY,CALIFORNIA,"Edward J. Ramirez, MD",THE FERTILITY AND GYNECOLOGY CENTER,MONTEREY BAY IVF,MONTEREY,CALIFORNIA,100
NOVA IN VITRO FERTILIZATION,,MOUNTAIN VIEW,CALIFORNIA,"Richard J. Schmidt, MD",NOVA IN VITRO FERTILIZATION,,MOUNTAIN VIEW,CALIFORNIA,100
SOUTHERN CALIFORNIA CENTER FOR REPRODUCTIVE MEDICINE,,NEWPORT BEACH,CALIFORNIA,"Robert E. Anderson, MD",SOUTHERN CALIFORNIA CENTER FOR REPRODUCTIVE MEDICINE,,NEWPORT BEACH,CALIFORNIA,100
FERTILITY SPECIALISTS MEDICAL GROUP,,SAN DIEGO,CALIFORNIA,"Arlene J. Morales, MD",FERTILITY SPECIALISTS MEDICAL GROUP,,SAN DIEGO,CALIFORNIA,100
LAUREL FERTILITY CARE,,SAN FRANCISCO,CALIFORNIA,"Collin B. Smikle, MD",LAUREL FERTILITY CARE,,SAN FRANCISCO,CALIFORNIA,100
PACIFIC FERTILITY CENTER,,SAN FRANCISCO,CALIFORNIA,"Philip E. Chenette, MD",PACIFIC FERTILITY CENTER,,SAN FRANCISCO,CALIFORNIA,100
UCSF CENTER FOR REPRODUCTIVE HEALTH,,SAN FRANCISCO,CALIFORNIA,"Marcelle I. Cedars, MD",UCSF CENTER FOR REPRODUCTIVE HEALTH,,SAN FRANCISCO,CALIFORNIA,100
"ALEX STEINLEITNER, MD, INC.",,SAN LUIS OBISPO,CALIFORNIA,"Alex J. Steinleitner, MD","ALEX STEINLEITNER, MD, INC.",,SAN LUIS OBISPO,CALIFORNIA,100
REPRODUCTIVE SCIENCE CENTER OF THE SAN FRANCISCO BAY AREA,,SAN RAMON,CALIFORNIA,"Louis N. Weckstein, MD",REPRODUCTIVE SCIENCE CENTER OF THE SAN FRANCISCO BAY AREA,,SAN RAMON,CALIFORNIA,100
SANTA BARBARA FERTILITY CENTER,,SANTA BARBARA,CALIFORNIA,"René B. Allen, MD",SANTA BARBARA FERTILITY CENTER,,SANTA BARBARA,CALIFORNIA,100
"ADVANCED FERTILITY ASSOCIATES MEDICAL GROUP, INC.",,SANTA ROSA,CALIFORNIA,"Jennifer V. Ratcliffe, MD, PhD","ADVANCED FERTILITY ASSOCIATES MEDICAL GROUP, INC.",,SANTA ROSA,CALIFORNIA,100
VALLEY CENTER FOR REPRODUCTIVE HEALTH,"TINA KOOPERSMITH, MD",SHERMAN OAKS,CALIFORNIA,"Tina B. Koopersmith, MD","VALLEY CENTER FOR REPRODUCTIVE HEALTH, INC.",WEST COAST WOMEN'S REPRODUCTIVE CENTER,SHERMAN OAKS,CALIFORNIA,92
THE CENTER FOR FERTILITY AND GYNECOLOGY,VERMESH CENTER FOR FERTILITY,TARZANA,CALIFORNIA,"Michael Vermesh, MD",THE CENTER FOR FERTILITY AND GYNECOLOGY,VERMESH CENTER FOR FERTILITY,TARZANA,CALIFORNIA,100
FERTILITY AND SURGICAL ASSOCIATES OF CALIFORNIA,,THOUSAND OAKS,CALIFORNIA,"Gary Hubert, MD",FERTILITY AND SURGICAL ASSOCIATES OF CALIFORNIA,,THOUSAND OAKS,CALIFORNIA,100
PACIFIC REPRODUCTIVE CENTER,,TORRANCE,CALIFORNIA,"Rifaat Salem, MD, PhD",PACIFIC REPRODUCTIVE CENTER,,TORRANCE,CALIFORNIA,100
UNIVERSITY FERTILITY CENTER,,TORRANCE,CALIFORNIA,"Omid A. Khorram, MD, PhD",UNIVERSITY FERTILITY CENTER,,TORRANCE,CALIFORNIA,100
ADVANCED REPRODUCTIVE MEDICINE,UNIVERSITY OF COLORADO,AURORA,COLORADO,"Ruben J. Alvero, MD",STANFORD MEDICINE FERTILITY & REPRODUCTIVE HEALTH,,SUNNYVALE,CALIFORNIA,48
REPRODUCTIVE MEDICINE & FERTILITY CENTER,,COLORADO SPRINGS,COLORADO,"Paul C. Magarelli, MD, PhD",CNY FERTILITY COLORADO,,COLORADO SPRINGS,COLORADO,48
ROCKY MOUNTAIN CENTER FOR REPRODUCTIVE MEDICINE,,FORT COLLINS,COLORADO,"Kevin E. Bachus, MD",ROCKY MOUNTAIN CENTER FOR REPRODUCTIVE MEDICINE,,FORT COLLINS,COLORADO,100
CONCEPTIONS REPRODUCTIVE ASSOCIATES,,LITTLETON,COLORADO,"Mark R. Bush, MD",CONCEPTIONS REPRODUCTIVE ASSOCIATES OF COLORADO,,LITTLETON,COLORADO,85
COLORADO CENTER FOR REPRODUCTIVE MEDICINE,,LONE TREE,COLORADO,"William B. Schoolcraft, MD",COLORADO CENTER FOR REPRODUCTIVE MEDICINE,,LONE TREE,COLORADO,100
"ROCKY MOUNTAIN FERTILITY CENTER, PC",,PARKER,COLORADO,"Deborah L. Smith, MD",ROCKY MOUNTAIN FERTILITY CENTER,,ENGLEWOOD,COLORADO,94
"GREENWICH FERTILITY AND IVF CENTER, PC",,GREENWICH,CONNECTICUT,"Barry R. Witt, MD","GREENWICH FERTILITY AND IVF CENTER, PC",,GREENWICH,CONNECTICUT,100
YALE FERTILITY CENTER,,NEW HAVEN,CONNECTICUT,"Pasquale Patrizio, MD",YALE FERTILITY CENTER,,ORANGE,CONNECTICUT,100
REPRODUCTIVE MEDICINE ASSOCIATES OF CONNECTICUT,,NORWALK,CONNECTICUT,"Mark P. Leondires, MD",REPRODUCTIVE MEDICINE ASSOCIATES OF CONNECTICUT,,NORWALK,CONNECTICUT,100
NEW ENGLAND FERTILITY INSTITUTE,,STAMFORD,CONNECTICUT,"Gad Lavy, MD",NEW ENGLAND FERTILITY INSTITUTE,,STAMFORD,CONNECTICUT,100
PARK AVENUE FERTILITY AND REPRODUCTIVE MEDICINE,,TRUMBULL,CONNECTICUT,"Andrew J. Levi, MD",PARK AVENUE FERTILITY AND REPRODUCTIVE MEDICINE,,TRUMBULL,CONNECTICUT,100
"DELAWARE INSTITUTE FOR REPRODUCTIVE MEDICINE, PA",,NEWARK,DELAWARE,"Jeffrey B. Russell, MD","DELAWARE INSTITUTE FOR REPRODUCTIVE MEDICINE, PA",,NEWARK,DELAWARE,100
REPRODUCTIVE ASSOCIATES OF DELAWARE,,NEWARK,DELAWARE,"Ronald F. Feinberg, MD, PhD",RADFERTILITY,,NEWARK,DELAWARE,30
PALM BEACH FERTILITY CENTER,,BOCA RATON,FLORIDA,"Mark S. Denker, MD",PALM BEACH FERTILITY CENTER,,BOCA RATON,FLORIDA,100
ADVANCED REPRODUCTIVE CARE CENTER,,BOYNTON BEACH,FLORIDA,"Tibor E. Polcz, MD",POLCZ FERTILITY CENTER,,BOYNTON BEACH,FLORIDA,44
"SOUTHWEST FLORIDA FERTILITY CENTER, PA",,FORT MYERS,FLORIDA,"Jacob L. Glock, MD","SOUTHWEST FLORIDA FERTILITY CENTER, PA",,FORT MYERS,FLORIDA,100
"SPECIALISTS IN REPRODUCTIVE MEDICINE AND SURGERY, PA",,FORT MYERS,FLORIDA,"Craig R. Sweet, MD","SPECIALISTS IN REPRODUCTIVE MEDICINE & SURGERY, PA","EMBRYO DONATION INTERNATIONAL, PL",FORT MYERS,FLORIDA,96
ASSISTED FERTILITY PROGRAM OF NORTH FLORIDA,,JACKSONVILLE,FLORIDA,"Marwan M. Shaykh, MD",ASSISTED FERTILITY PROGRAM,,JACKSONVILLE,FLORIDA,75
BROWN FERTILITY ASSOCIATES,,JACKSONVILLE,FLORIDA,"Samuel E. Brown, MD",BROWN FERTILITY,,JACKSONVILLE,FLORIDA,73
FLORIDA INSTITUTE FOR REPRODUCTIVE MEDICINE,,JACKSONVILLE,FLORIDA,"Kevin L. Winslow, MD",FLORIDA INSTITUTE FOR REPRODUCTIVE MEDICINE,,JACKSONVILLE,FLORIDA,100
JACKSONVILLE CENTER FOR REPRODUCTIVE MEDICINE,,JACKSONVILLE,FLORIDA,"Michael D. Fox, MD",ADVANCE REPRODUCTIVE SPECIALISTS,,JACKSONVILLE,FLORIDA,55
IVF FLORIDA,,MARGATE,FLORIDA,"David I. Hoffman, MD",IVF FLORIDA REPRODUCTIVE ASSOCIATES,,MARGATE,FLORIDA,48
UNIVERSITY OF MIAMI INFERTILITY CENTER,,MIAMI,FLORIDA,"George R. Attia, MD",UNIVERSITY OF MIAMI INFERTILITY CENTER,,MIAMI,FLORIDA,100
"CENTER FOR REPRODUCTIVE MEDICINE, PA",,ORLANDO,FLORIDA,"Randall A. Loy, MD","CENTER FOR REPRODUCTIVE MEDICINE, PA",,WINTER PARK,FLORIDA,100
"NEW LEADERS IN INFERTILITY & ENDOCRINOLOGY, LLC",,PENSACOLA,FLORIDA,"Barry A. Ripps, MD","NEW LEADERS IN FERTILITY & ENDOCRINOLOGY, LLC",,PENSACOLA,FLORIDA,98
"FERTILITY CENTER AND APPLIED GENETICS OF FLORIDA, INC.",,SARASOTA,FLORIDA,"Julio E. Pabon, MD",FERTILITY CENTER & APPLIED GENETICS OF FLORIDA,,SARASOTA,FLORIDA,90
SOUTH FLORIDA INSTITUTE FOR REPRODUCTIVE MEDICINE,,SOUTH MIAMI,FLORIDA,"Juergen Eisermann, MD",IVFMD/SOUTH FLORIDA INSTITUTE FOR REPRODUCTIVE MEDICINE,,SOUTH MIAMI,FLORIDA,94
F.I.R.S.T.,FLORIDA INSTITUTE FOR REPRODUCTIVE SCIENCES AND TECHNOLOGIES,WESTON,FLORIDA,"Minna R. Selub, MD",F.I.R.S.T.,FLORIDA INSTITUTE FOR REPRODUCTIVE SCIENCES AND TECHNOLOGIES,WESTON,FLORIDA,100
FERTILITY CENTER OF ASSISTED REPRODUCTION & ENDOCRINOLOGY,,WINTER PARK,FLORIDA,"Mark P. Trolice, MD",THE IVF CENTER,,WINTER PARK,FLORIDA,23
"COLUMBUS CENTER FOR REPRODUCTIVE ENDOCRINOLOGY AND INFERTILITY, LLC",,COLUMBUS,GEORGIA,"Prakash J. Thiruppathi, MD","COLUMBUS CENTER FOR REPRODUCTIVE ENDOCRINOLOGY & INFERTILITY, LLC",,COLUMBUS,GEORGIA,97
THE GEORGIA CENTER FOR REPRODUCTIVE MEDICINE,,SAVANNAH,GEORGIA,"Patrick L. Blohm, MD",THE GEORGIA CENTER FOR REPRODUCTIVE MEDICINE,,SAVANNAH,GEORGIA,100
ADVANCED REPRODUCTIVE CENTER OF HAWAII,,HONOLULU,HAWAII,"Christopher T. Huang, MD",ADVANCED REPRODUCTIVE CENTER OF HAWAII,,HONOLULU,HAWAII,100
"ADVANCED REPRODUCTIVE MEDICINE & GYNECOLOGY OF HAWAII, INC.",,HONOLULU,HAWAII,"John L. Frattarelli, MD",FERTILITY INSTITUTE OF HAWAII,,HONOLULU,HAWAII,41
PACIFIC IN VITRO FERTILIZATION INSTITUTE,,HONOLULU,HAWAII,"Thomas S. Kosasa, MD",PACIFIC IN VITRO FERTILIZATION INSTITUTE,,HONOLULU,HAWAII,100
IDAHO CENTER FOR REPRODUCTIVE MEDICINE,,BOISE,IDAHO,"Cristin C. Slater, MD",IDAHO CENTER FOR REPRODUCTIVE MEDICINE,,BOISE,IDAHO,100
LIFE WOMEN'S HEALTH CENTER,"DANIEL A. ROSTEIN, MD, FACOG",BERWYN,ILLINOIS,"Daniel A. Rostein, MD","DANIEL ROSTEIN, MD, SC",,OAK BROOK,ILLINOIS,25
RIVER NORTH IVF-FERTILITY CENTERS OF ILLINOIS,,CHICAGO,ILLINOIS,"Angeline Beltsos, MD",VIOS FERTILITY INSTITUTE-CHICAGO,,CHICAGO,ILLINOIS,42
WOMEN'S HEALTH CONSULTANTS,,CHICAGO,ILLINOIS,"Mary W. Molo, MD",CENTER FOR REPRODUCTIVE CARE,,CHICAGO,ILLINOIS,30
CENTER FOR REPRODUCTIVE HEALTH JOLIET IVF,,CREST HILL,ILLINOIS,"R. Scott Springer, DO",CENTER FOR REPRODUCTIVE HEALTH/JOLIET IVF,,CREST HILL,ILLINOIS,98
MIDWEST FERTILITY CENTER,,DOWNERS GROVE,ILLINOIS,"Amos E. Madanes, MD",MIDWEST FERTILITY CENTER,,DOWNERS GROVE,ILLINOIS,100
"CHICAGO INFERTILITY ASSOCIATES, LTD.",,HANOVER PARK,ILLINOIS,"Ketan N. Jobanputra, MD","CHICAGO INFERTILITY ASSOCIATES, LTD",,BOLINGBROOK,ILLINOIS,99
"KARANDE AND ASSOCIATES, SC DBA",INVIA FERTILITY SPECIALISTS,HOFFMAN ESTATES,ILLINOIS,"Vishvanath C. Karande, MD",INVIA FERTILITY SPECIALISTS,,HOFFMAN ESTATES,ILLINOIS,28
THE ADVANCED IVF INSTITUTE,"CHARLES E. MILLER, MD & ASSOCIATES",NAPERVILLE,ILLINOIS,"Charles E. Miller, MD",THE ADVANCED IVF INSTITUTE,"CHARLES E. MILLER, MD, SC & ASSOCIATES",NAPERVILLE,ILLINOIS,100
IVF1,,NAPERVILLE,ILLINOIS,"Randy S. Morris, MD",IVF1,,NAPERVILLE,ILLINOIS,100
"SETH LEVRANT, MD, PC",PARTNERS IN REPRODUCTIVE HEALTH,TINLEY PARK,ILLINOIS,"Seth G. Levrant, MD","SETH LEVRANT, MD, PC",PARTNERS IN REPRODUCTIVE HEALTH,TINLEY PARK,ILLINOIS,100
"ADVANCED REPRODUCTION INSTITUTE, LLC",ADVANCED FERTILITY GROUP,EVANSVILLE,INDIANA,"William L. Gentry, MD",ADVANCED FERTILITY GROUP,,INDIANAPOLIS,INDIANA,43
ADVANCED FERTILITY GROUP,,INDIANAPOLIS,INDIANA,"William L. Gentry, MD",ADVANCED FERTILITY GROUP,,INDIANAPOLIS,INDIANA,100
COMMUNITY REPRODUCTIVE ENDOCRINOLOGY,,INDIANAPOLIS,INDIANA,"David E. Carnovale, MD",COMMUNITY FERTILITY SPECIALTY CARE,,INDIANAPOLIS,INDIANA,34
"FAMILY BEGINNINGS, PC",,INDIANAPOLIS,INDIANA,"James G. Donahue, MD","FAMILY BEGINNINGS, PC",,INDIANAPOLIS,INDIANA,100
INDIANA UNIVERSITY HOSPITAL,,INDIANAPOLIS,INDIANA,"Marguerite K. Shepard, MD",INDIANA UNIVERSITY HOSPITAL,,INDIANAPOLIS,INDIANA,100
REPRODUCTIVE CARE OF INDIANA,,INDIANAPOLIS,INDIANA,"Michael A. Henry, MD",HENRY FERTILITY DBA,REPRODUCTIVE CARE OF INDIANA,INDIANAPOLIS,INDIANA,30
"MID-IOWA FERTILITY, PC",,CLIVE,IOWA,"Donald C. Young, DO","MID-IOWA FERTILITY, PC",,CLIVE,IOWA,100
UNIVERSITY OF IOWA HOSPITALS AND CLINICS,CENTER FOR ADVANCED REPRODUCTIVE CARE,IOWA CITY,IOWA,"Bradley J. Van Voorhis, MD",UNIVERSITY OF IOWA HOSPITALS AND CLINICS,CENTER FOR ADVANCED REPRODUCTIVE CARE,IOWA CITY,IOWA,100
"MIDWEST REPRODUCTIVE CENTER, PA",,OLATHE,KANSAS,"Dan L. Gehlbach, MD","MIDWEST REPRODUCTIVE CENTER, PA",,OLATHE,KANSAS,100
REPRODUCTIVE RESOURCE CENTER OF GREATER KANSAS CITY,,OVERLAND PARK,KANSAS,"Celeste Brabec, MD",REPRODUCTIVE RESOURCE CENTER OF GREATER KANSAS CITY,,OVERLAND PARK,KANSAS,100
BLUEGRASS FERTILITY CENTER,,LEXINGTON,KENTUCKY,"James W. Akin, MD",BLUEGRASS FERTILITY CENTER,,LEXINGTON,KENTUCKY,100
FERTILITY AND ENDOCRINE ASSOCIATES,LOUISVILLE REPRODUCTIVE CENTER,LOUISVILLE,KENTUCKY,"Robert J. Homm, MD",FERTILITY & ENDOCRINE ASSOCIATES,LOUISVILLE REPRODUCTIVE CENTER,LOUISVILLE,KENTUCKY,94
THE FERTILITY INSTITUTE OF NEW ORLEANS,,METAIRIE,LOUISIANA,"Richard P. Dickey, MD, PhD",FERTILITY INSTITUTE OF NEW ORLEANS,,MANDEVILLE,LOUISIANA,94
CENTER FOR FERTILITY AND REPRODUCTIVE HEALTH,,SHREVEPORT,LOUISIANA,"David T. Vandermolen, MD",ARKLATEX FERTILITY AND REPRODUCTIVE MEDICINE,,SHREVEPORT,LOUISIANA,70
"ENDRIKA HINTON, MD",,LUTHERVILLE,MARYLAND,"Endrika L. Hinton, MD","ENDRIKA HINTON, MD",,LUTHERVILLE,MARYLAND,100
SHADY GROVE FERTILITY REPRODUCTIVE SCIENCE CENTER,,ROCKVILLE,MARYLAND,"Michael J. Levy, MD",SHADY GROVE FERTILITY-ROCKVILLE,,ROCKVILLE,MARYLAND,65
BRIGHAM AND WOMEN'S HOSPITAL CENTER FOR ASSISTED REPRODUCTIVE TECHNOLOGY,,BOSTON,MASSACHUSETTS,"Elizabeth S. Ginsburg, MD",BRIGHAM AND WOMEN'S HOSPITAL CENTER FOR ASSISTED REPRODUCTIVE TECHNOLOGY,,BOSTON,MASSACHUSETTS,100
BAYSTATE REPRODUCTIVE MEDICINE,,SPRINGFIELD,MASSACHUSETTS,"Kelly Lynch, MD",BAYSTATE REPRODUCTIVE MEDICINE,,SPRINGFIELD,MASSACHUSETTS,100
"CENTER FOR REPRODUCTIVE MEDICINE AND SURGERY, PC",,BIRMINGHAM,MICHIGAN,"Michael S. Mersol-Barg, MD",MICHIGAN REPRODUCTIVE MEDICINE,,BLOOMFIELD HILLS,MICHIGAN,62
"ADVANCED REPRODUCTIVE MEDICINE AND SURGERY, PC",,BLOOMFIELD HILLS,MICHIGAN,"Carole L. Kowalczyk, MD","MICHIGAN CENTER FOR FERTILITY AND WOMEN'S HEALTH, PLC",,WARREN,MICHIGAN,44
"MICHIGAN CENTER FOR FERTILITY AND WOMEN'S HEALTH, PLC",,WARREN,MICHIGAN,"Carole L. Kowalczyk, MD","MICHIGAN CENTER FOR FERTILITY AND WOMEN'S HEALTH, PLC",,WARREN,MICHIGAN,100
GAGO IVF,,BRIGHTON,MICHIGAN,"Laura A. Gago, MD",GAGO IVF,,BRIGHTON,MICHIGAN,100
"MICHIGAN REPRODUCTIVE & IVF CENTER, PC",,GRAND RAPIDS,MICHIGAN,"William G. Dodds, MD","MICHIGAN REPRODUCTIVE & IVF CENTER, PC",,GRAND RAPIDS,MICHIGAN,100
IVF MICHIGAN,,ROCHESTER HILLS,MICHIGAN,"Mostafa I. Abuzeid, MD","IVF MICHIGAN ROCHESTER HILLS & FLINT, PC",,ROCHESTER HILLS,MICHIGAN,46
REPRODUCTIVE MEDICINE ASSOCIATES OF MICHIGAN,,TROY,MICHIGAN,"Brad T. Miller, MD",REPRODUCTIVE MEDICINE ASSOCIATES OF MICHIGAN,,TROY,MICHIGAN,100
"THE MIDWEST CENTER FOR REPRODUCTIVE HEALTH, PA",,MAPLE GROVE,MINNESOTA,"Randle S. Corfman, MD, PhD","MIDWEST CENTER FOR REPRODUCTIVE HEALTH, PA",,MAPLE GROVE,MINNESOTA,95
REPRODUCTIVE MEDICINE & INFERTILITY ASSOCIATES,,WOODBURY,MINNESOTA,"Jacques P. Stassart, MD",REPRODUCTIVE MEDICINE & INFERTILITY ASSOCIATES,,WOODBURY,MINNESOTA,100
MISSISSIPPI FERTILITY INSTITUTE,,JACKSON,MISSISSIPPI,"John D. Isaacs, MD",UNIVERSITY OF MISSISSIPPI MEDICAL CENTER,,FLOWOOD,MISSISSIPPI,39
UNIVERSITY OF MISSISSIPPI MEDICAL CENTER,,JACKSON,MISSISSIPPI,"Randall S. Hines, MD","MISSISSIPPI REPRODUCTIVE MEDICINE, PLLC",,FLOWOOD,MISSISSIPPI,48
INFERTILITY CENTER OF ST. LOUIS,"SHERMAN J. SILBER, MD",CHESTERFIELD,MISSOURI,"Sherman J. Silber, MD",INFERTILITY CENTER OF ST. LOUIS,,CHESTERFIELD,MISSOURI,100
UNIVERSITY OF MISSOURI HOSPITAL AND CLINIC,IVF EMBRYOLOGY LABORATORY,COLUMBIA,MISSOURI,"Mira Aubuchon, MD",MCRM FERTILITY,,CHESTERFIELD,MISSOURI,18
MIDWEST WOMEN'S HEALTHCARE SPECIALISTS,,KANSAS CITY,MISSOURI,"Gregory C. Starks, MD",MIDWEST WOMEN'S HEALTHCARE SPECIALISTS,,KANSAS CITY,MISSOURI,100
FERTILITY PARTNERSHIP,,SAINT PETERS,MISSOURI,"David E. Simckes, MD",FERTILITY PARTNERSHIP,,SAINT PETERS,MISSOURI,100
NEBRASKA METHODIST HOSPITAL REI,,OMAHA,NEBRASKA,"Carolyn M. Doherty, MD",REPRODUCTIVE HEALTH SPECIALISTS,,ELKHORN,NEBRASKA,29
RED ROCK FERTILITY CENTER,,LAS VEGAS,NEVADA,"Eva D. Littman, MD",RED ROCK FERTILITY CENTER,,LAS VEGAS,NEVADA,100
THE NEVADA CENTER FOR REPRODUCTIVE MEDICINE,,RENO,NEVADA,"Russell A. Foulk, MD",NEVADA FERTILITY CENTER,,LAS VEGAS,NEVADA,39
UTAH FERTILITY CENTER,,PLEASANT GROVE,UTAH,"Russell A. Foulk, MD",NEVADA FERTILITY CENTER,,LAS VEGAS,NEVADA,82
REPRODUCTIVE SCIENCE CENTER OF NEW JERSEY,,EATONTOWN,NEW JERSEY,"William Ziegler, DO",REPRODUCTIVE SCIENCE CENTER OF NEW JERSEY,,EATONTOWN,NEW JERSEY,100
WOMEN'S FERTILITY CENTER,,ENGLEWOOD,NEW JERSEY,"Philip R. Lesorgen, MD",WOMEN'S FERTILITY CENTER,,ENGLEWOOD,NEW JERSEY,100
NORTH HUDSON I.V.F.,CENTER FOR FERTILITY AND GYNECOLOGY,ENGLEWOOD CLIFFS,NEW JERSEY,"Jane E. Miller, MD",NORTH HUDSON IVF,CENTER FOR FERTILITY AND GYNECOLOGY,ENGLEWOOD CLIFFS,NEW JERSEY,91
"UNIVERSITY REPRODUCTIVE ASSOCIATES, PC",,HASBROUCK HEIGHTS,NEW JERSEY,"Peter G. McGovern, MD","UNIVERSITY REPRODUCTIVE ASSOCIATES, PC",,HASBROUCK HEIGHTS,NEW JERSEY,100
SHORE INSTITUTE FOR REPRODUCTIVE MEDICINE,,LAKEWOOD,NEW JERSEY,"Allen Morgan, MD",SHORE INSTITUTE FOR REPRODUCTIVE MEDICINE DBA,MORGAN FERTILITY AND REPRODUCTIVE MEDICINE,LAKEWOOD,NEW JERSEY,95
EAST COAST INFERTILITY AND IVF,,LITTLE SILVER,NEW JERSEY,"Miguel Damien, MD",DAMIEN FERTILITY PARTNERS,,SHREWSBURY,NEW JERSEY,51
INSTITUTE FOR REPRODUCTIVE MEDICINE AND SCIENCE,SAINT BARNABAS MEDICAL CENTER,LIVINGSTON,NEW JERSEY,"Margaret G. Garrisi, MD",INSTITUTE FOR REPRODUCTIVE MEDICINE AND SCIENCE,SAINT BARNABAS MEDICAL CENTER,LIVINGSTON,NEW JERSEY,100
COOPER INSTITUTE FOR REPRODUCTIVE HORMONAL DISORDERS,,MARLTON,NEW JERSEY,"Jerome H. Check, MD, PhD","COOPER INSTITUTE FOR REPRODUCTIVE HORMONAL DISORDERS, PC",,MOUNT LAUREL,NEW JERSEY,96
DELAWARE VALLEY INSTITUTE OF FERTILITY AND GENETICS,,MARLTON,NEW JERSEY,"George S. Taliadouros, MD",DELAWARE VALLEY INSTITUTE OF FERTILITY AND GENETICS,,MARLTON,NEW JERSEY,100
REPRODUCTIVE MEDICINE ASSOCIATES OF NEW JERSEY,,MORRISTOWN,NEW JERSEY,"Michael R. Drews, MD",REPRODUCTIVE MEDICINE ASSOCIATES OF NEW JERSEY,,BASKING RIDGE,NEW JERSEY,100
VALLEY HOSPITAL FERTILITY CENTER,,PARAMUS,NEW JERSEY,"Ali Nasseri, MD, PhD",VALLEY HOSPITAL FERTILITY CENTER,,PARAMUS,NEW JERSEY,100
DR. LOUIS R. MANARA,,VOORHEES,NEW JERSEY,"Louis R. Manara, DO",CENTER FOR REPRODUCTIVE MEDICINE AND FERTILITY,"LOUIS R. MANARA, DO",VOORHEES,NEW JERSEY,31
"NORTH JERSEY FERTILITY ASSOCIATES, LLC",,WAYNE,NEW JERSEY,"Mark X. Ransom, MD",QUILLEN FERTILITY & WOMEN'S SERVICES,,JOHNSON CITY,TENNESSEE,46
CENTER FOR REPRODUCTIVE MEDICINE OF NEW MEXICO,,ALBUQUERQUE,NEW MEXICO,"Douglas J. Thompson, MD","THE FERTILITY CENTER OF NEW MEXICO, LLC",,ALBUQUERQUE,NEW MEXICO,47
THE FERTILITY INSTITUTE AT NEW YORK METHODIST HOSPITAL,,BROOKLYN,NEW YORK,"George D. Kofinas, MD",KOFINAS FERTILITY GROUP,,NEW YORK,NEW YORK,34
GENESIS FERTILITY & REPRODUCTIVE MEDICINE,,BROOKLYN,NEW YORK,"Richard V. Grazi, MD",GENESIS FERTILITY & REPRODUCTIVE MEDICINE,,BROOKLYN,NEW YORK,100
"HUDSON VALLEY FERTILITY, PLLC",,FISHKILL,NEW YORK,"Daniel W. Levine, MD","HUDSON VALLEY FERTILITY, PLLC",,FISHKILL,NEW YORK,100
THE NEW YORK FERTILITY CENTER,,FLUSHING,NEW YORK,"Tony Tsai, MD",THE NEW YORK FERTILITY CENTER,,FLUSHING,NEW YORK,100
MONTEFIORE'S INSTITUTE FOR REPRODUCTIVE MEDICINE AND HEALTH,,HARTSDALE,NEW YORK,"Harry J. Lieman, MD",MONTEFIORE'S INSTITUTE FOR REPRODUCTIVE MEDICINE AND HEALTH,,HARTSDALE,NEW YORK,100
MANHATTAN REPRODUCTIVE MEDICINE,,NEW YORK,NEW YORK,"Hanna Jesionowska, MD",MANHATTAN REPRODUCTIVE MEDICINE,,NEW YORK,NEW YORK,100
MEDICAL OFFICES FOR HUMAN REPRODUCTION,CENTER FOR HUMAN REPRODUCTION (CHR),NEW YORK,NEW YORK,"Norbert Gleicher, MD",CENTER FOR HUMAN REPRODUCTION (CHR),,NEW YORK,NEW YORK,68
"METROPOLITAN REPRODUCTIVE MEDICINE, PC",,NEW YORK,NEW YORK,"Susan Lobel, MD","METROPOLITAN REPRODUCTIVE MEDICINE, PC",,NEW YORK,NEW YORK,100
NEW YORK FERTILITY INSTITUTE,,NEW YORK,NEW YORK,"Majid Fateh, MD",NEW YORK FERTILITY INSTITUTE,,NEW YORK,NEW YORK,100
NYU FERTILITY CENTER,NEW YORK UNIVERSITY SCHOOL OF MEDICINE,NEW YORK,NEW YORK,"James A. Grifo, MD, PhD",NYU LANGONE FERTILITY CENTER,,NEW YORK,NEW YORK,83
"GEOFFREY SHER, MD, PC",,NEW YORK,NEW YORK,"Drew V. Tortoriello, MD",SHER FERTILITY SOLUTIONS-NEW YORK,,NEW YORK,NEW YORK,22
WEILL MEDICAL COLLEGE OF CORNELL UNIVERSITY,THE CENTER FOR REPRODUCTIVE MEDICINE AND INFERTILITY,NEW YORK,NEW YORK,"Zev Rosenwaks, MD",WEILL CORNELL MEDICINE,CENTER FOR REPRODUCTIVE MEDICINE,NEW YORK,NEW YORK,49
ISLAND REPRODUCTIVE SERVICES,,STATEN ISLAND,NEW YORK,"Eric S. Knochenhauer, MD","ISLAND REPRODUCTIVE SERVICES, PC",,STATEN ISLAND,NEW YORK,93
GOLD COAST IVF,REPRODUCTIVE MEDICINE AND SURGERY CENTER,SYOSSET,NEW YORK,"Steven F. Palter, MD",GOLD COAST IVF,REPRODUCTIVE MEDICINE AND SURGERY CENTER,WOODBURY,NEW YORK,100
CNY FERTILITY CENTER,,SYRACUSE,NEW YORK,"Robert J. Kiltz, MD",CNY FERTILITY,,SYRACUSE,NEW YORK,79
WESTCHESTER FERTILITY AND REPRODUCTIVE ENDOCRINOLOGY,,WHITE PLAINS,NEW YORK,"Michael B. Blotner, MD",WESTCHESTER FERTILITY & REPRODUCTIVE ENDOCRINOLOGY,,WHITE PLAINS,NEW YORK,96
NORTH CAROLINA CENTER FOR REPRODUCTIVE MEDICINE,THE TALBERT FERTILITY INSTITUTE,CARY,NORTH CAROLINA,"Sameh K. Toma, MD",NORTH CAROLINA CENTER FOR REPRODUCTIVE MEDICINE,THE TALBERT FERTILITY INSTITUTE,CARY,NORTH CAROLINA,100
UNIVERSITY OF NORTH CAROLINA A.R.T. CLINIC,,CHAPEL HILL,NORTH CAROLINA,"Jennifer E. Mersereau, MD",UNC FERTILITY,,RALEIGH,NORTH CAROLINA,25
"PROGRAM FOR ASSISTED REPRODUCTION, CAROLINAS MEDICAL CENTER",CMC WOMEN'S INSTITUTE,CHARLOTTE,NORTH CAROLINA,"Bradley S. Hurst, MD",PROGRAM FOR ASSISTED REPRODUCTION AT ATRIUM HEALTH'S CAROLINAS MEDICAL CENTER,CMC WOMEN'S INSTITUTE,CHARLOTTE,NORTH CAROLINA,85
EAST CAROLINA UNIVERSITY,,GREENVILLE,NORTH CAROLINA,"Larisa Gavrilova-Jordan, MD",REPRODUCTIVE MEDICINE AND INFERTILITY ASSOCIATES,,AUGUSTA,GEORGIA,31
PREMIER FERTILITY CENTER,HIGH POINT REGIONAL HEALTH SYSTEM,HIGH POINT,NORTH CAROLINA,"Jeffrey L. Deaton, MD",WAKE FOREST UNIVERSITY CENTER FOR REPRODUCTIVE MEDICINE,,WINSTON-SALEM,NORTH CAROLINA,38
WAKE FOREST UNIVERSITY CENTER FOR REPRODUCTIVE MEDICINE,,WINSTON-SALEM,NORTH CAROLINA,"Tamer M. Yalcinkaya, MD",CAROLINAS FERTILITY INSTITUTE,,WINSTON-SALEM,NORTH CAROLINA,29
INSTITUTE FOR REPRODUCTIVE HEALTH,,CINCINNATI,OHIO,"Sherif G. Awadalla, MD",INSTITUTE FOR REPRODUCTIVE HEALTH,,CINCINNATI,OHIO,100
TULSA FERTILITY CENTER,,TULSA,OKLAHOMA,"Stanley G. Prough, MD",TULSA FERTILITY CENTER,,TULSA,OKLAHOMA,100
FERTILITY CENTER OF OREGON,,EUGENE,OREGON,"Douglas J. Austin, MD",THE FERTILITY CENTER OF OREGON,,EUGENE,OREGON,93
FAMILY FERTILITY CENTER,,BETHLEHEM,PENNSYLVANIA,"H. Christina Lee, MD",FAMILY FERTILITY CENTER,,BETHLEHEM,PENNSYLVANIA,100
MAIN LINE FERTILITY AND REPRODUCTIVE MEDICINE,,BRYN MAWR,PENNSYLVANIA,"Michael J. Glassner, MD",MAIN LINE FERTILITY & REPRODUCTIVE MEDICINE,,BRYN MAWR,PENNSYLVANIA,95
GEISINGER MEDICAL CENTER FERTILITY PROGRAM,,DANVILLE,PENNSYLVANIA,"Jennifer Gell, MD",GEISINGER MEDICAL CENTER FERTILITY PROGRAM,,DANVILLE,PENNSYLVANIA,100
"PEDRO J. BEAUCHAMP, MD",,BAYAMON,PUERTO RICO,"Pedro J. Beauchamp, MD","PEDRO J. BEAUCHAMP, MD IVF PROGRAM DBA",PUERTO RICO FERTILITY CENTER,BAYAMÓN,PUERTO RICO,73
CLINICA DE FERTILIDAD HIMA-SAN PABLO,,CAGUAS,PUERTO RICO,"Jose R. Cruz, MD",CLINICA DE FERTILIDAD HIMA-SAN PABLO CAGUAS,,CAGUAS,PUERTO RICO,91
GREFI,"GYNECOLOGY, REPRODUCTIVE ENDOCRINOLOGY & FERTILITY INSTITUTE",SANTURCE,PUERTO RICO,"Rosa Ileana Cruz, MD",GREFI,"GYNECOLOGY, REPRODUCTIVE ENDOCRINOLOGY & FERTILITY INSTITUTE",SAN JUAN,PUERTO RICO,100
"PIEDMONT REPRODUCTIVE ENDOCRINOLOGY GROUP, PA",,GREENVILLE,SOUTH CAROLINA,"John E. Nichols, MD","PIEDMONT REPRODUCTIVE ENDOCRINOLOGY GROUP, PA",,GREENVILLE,SOUTH CAROLINA,100
SANFORD WOMEN'S HEALTH,,SIOUX FALLS,SOUTH DAKOTA,"Keith A. Hansen, MD",SANFORD WOMEN'S HEALTH,,SIOUX FALLS,SOUTH DAKOTA,100
"FERTILITY CENTER, LLC",,CHATTANOOGA,TENNESSEE,"Barry W. Donesky, MD","FERTILITY CENTER, LLC",,CHATTANOOGA,TENNESSEE,100
TENNESSEE REPRODUCTIVE MEDICINE,,CHATTANOOGA,TENNESSEE,"Ringland S. Murray, MD",TENNESSEE REPRODUCTIVE MEDICINE,,CHATTANOOGA,TENNESSEE,100
"KUTTEH KE FERTILITY ASSOCIATES OF MEMPHIS, PLLC",,MEMPHIS,TENNESSEE,"Raymond W. Ke, MD","KUTTEH KE FERTILITY ASSOCIATES OF MEMPHIS, PLLC",,MEMPHIS,TENNESSEE,100
THE CENTER FOR REPRODUCTIVE HEALTH,,NASHVILLE,TENNESSEE,"Jaime M. Vasquez, MD",THE CENTER FOR REPRODUCTIVE HEALTH,,NASHVILLE,TENNESSEE,100
NASHVILLE FERTILITY CENTER,,NASHVILLE,TENNESSEE,"George A. Hill, MD",NASHVILLE FERTILITY CENTER,,NASHVILLE,TENNESSEE,100
TEXAS FERTILITY CENTER,"DRS. VAUGHN, SILVERBERG AND HANSARD",AUSTIN,TEXAS,"Kaylen Silverberg, MD",TEXAS FERTILITY CENTER,"VAUGHN, SILVERBERG & ASSOCIATES",AUSTIN,TEXAS,100
CENTER FOR ASSISTED REPRODUCTION,,BEDFORD,TEXAS,"Kevin J. Doody, MD","GLOBAL FERTILITY & GENETICS, NY",,NEW YORK,NEW YORK,19
CENTER FOR ASSISTED REPRODUCTION,,BEDFORD,TEXAS,"Kevin J. Doody, MD",CENTER FOR ASSISTED REPRODUCTION,,BEDFORD,TEXAS,100
DALLAS-FORT WORTH FERTILITY ASSOCIATES,,DALLAS,TEXAS,"Samuel J. Chantilis, MD",DALLAS-FORT WORTH FERTILITY ASSOCIATES,,DALLAS,TEXAS,100
"FERTILITY SPECIALISTS OF TEXAS, PLLC",,DALLAS,TEXAS,"Jerald S. Goldstein, MD","FERTILITY SPECIALISTS OF TEXAS, PLLC",,FRISCO,TEXAS,100
REPROMED FERTILITY CENTER,,DALLAS,TEXAS,"Anil B. Pinto, MD",REPROMED FERTILITY CENTER,,DALLAS,TEXAS,100
TEXAS CENTER FOR REPRODUCTIVE HEALTH,,DALLAS,TEXAS,"Samuel P. Marynick, MD",TEXAS CENTER FOR REPRODUCTIVE HEALTH,,DALLAS,TEXAS,100
"SOUTHWEST CENTER FOR REPRODUCTIVE HEALTH, PA",,EL PASO,TEXAS,"Luis S. Noble, MD","SOUTHWEST CENTER FOR REPRODUCTIVE HEALTH, PA",,EL PASO,TEXAS,100
DALLAS IVF,,FRISCO,TEXAS,"Brian D. Barnett, MD",DALLAS IVF,,FRISCO,TEXAS,100
ADVANCED FERTILITY CENTER OF TEXAS,,HOUSTON,TEXAS,"Michael A. Allon, MD",ADVANCED FERTILITY CENTER OF TEXAS,,HOUSTON,TEXAS,100
BAYLOR FAMILY FERTILITY PROGRAM,,HOUSTON,TEXAS,"William E. Gibbons, MD",FAMILY FERTILITY CENTER,,HOUSTON,TEXAS,67
FERTILITY SPECIALISTS OF HOUSTON,,HOUSTON,TEXAS,"George M. Grunert, MD",ASPIRE FERTILITY-HOUSTON,,HOUSTON,TEXAS,57
HOUSTON INFERTILITY CLINIC,"SONJA KRISTIANSEN, MD",HOUSTON,TEXAS,"Sonja B. Kristiansen, MD",HOUSTON INFERTILITY CLINIC,"SONJA KRISTIANSEN, MD",HOUSTON,TEXAS,100
HOUSTON IVF,,HOUSTON,TEXAS,"Timothy N. Hickman, MD",HOUSTON IVF DBA,CCRM HOUSTON,HOUSTON,TEXAS,85
ADVANCED REPRODUCTIVE CARE CENTER OF IRVING,,IRVING,TEXAS,"Sy Q. Le, MD",IVFMD-IRVING,,IRVING,TEXAS,33
THE CENTRE FOR REPRODUCTIVE MEDICINE,,LUBBOCK,TEXAS,"Janelle O. Dorsett, MD",THE CENTRE FOR REPRODUCTIVE MEDICINE,,LUBBOCK,TEXAS,100
PRESBYTERIAN HOSPITAL PLANO ARTS,,PLANO,TEXAS,"Alfred J. Rodriguez, MD",TEXAS IVF,,PLANO,TEXAS,15
"NORTH HOUSTON CENTER FOR REPRODUCTIVE MEDICINE, PA",(NHCRM),THE WOODLANDS,TEXAS,"Dorothy J. Roach, MD",HART FERTILITY CLINIC,,THE WOODLANDS,TEXAS,25
CENTER OF REPRODUCTIVE MEDICINE (CORM),,WEBSTER,TEXAS,"Vicki L. Schnell, MD",CENTER OF REPRODUCTIVE MEDICINE (CORM),,WEBSTER,TEXAS,100
UTAH CENTER FOR REPRODUCTIVE MEDICINE,,SALT LAKE CITY,UTAH,"Ahmad O. Hammoud, MD",IVF MICHIGAN FERTILITY CENTERS,,BLOOMFIELD HILLS,MICHIGAN,24
REPRODUCTIVE CARE CENTER,,SANDY,UTAH,"Keith L. Blauer, MD","REPRODUCTIVE CARE CENTER, LLC",,SANDY,UTAH,91
VERMONT CENTER FOR REPRODUCTIVE MEDICINE,,BURLINGTON,VERMONT,"Peter R. Casson, MD",NORTHEASTERN REPRODUCTIVE MEDICINE,,COLCHESTER,VERMONT,70
WASHINGTON FERTILITY CENTER,,ANNANDALE,VIRGINIA,"Pierre Asmar, MD",WASHINGTON FERTILITY CENTER,,ANNANDALE,VIRGINIA,100
DOMINION FERTILITY AND ENDOCRINOLOGY,,ARLINGTON,VIRGINIA,"Michael DiMattina, MD",DOMINION FERTILITY AND ENDOCRINOLOGY,,ARLINGTON,VIRGINIA,100
"REPRODUCTIVE MEDICINE AND SURGERY CENTER OF VIRGINIA, PLC",,CHARLOTTESVILLE,VIRGINIA,"Christopher D. Williams, MD",VIRGINIA FERTILITY & IVF,,CHARLOTTESVILLE,VIRGINIA,25
GENETICS & IVF INSTITUTE,,FAIRFAX,VIRGINIA,"Laurence C. Udoff, MD",GENETICS & IVF INSTITUTE,,FAIRFAX,VIRGINIA,100
VIRGINIA CENTER FOR REPRODUCTIVE MEDICINE,,RESTON,VIRGINIA,"Fady I. Sharara, MD",VIRGINIA CENTER FOR REPRODUCTIVE MEDICINE,,RESTON,VIRGINIA,100
THE NEW HOPE CENTER FOR REPRODUCTIVE MEDICINE,,VIRGINIA BEACH,VIRGINIA,"Robin L. Poe-Zeigler, MD",THE NEW HOPE CENTER FOR REPRODUCTIVE MEDICINE,,VIRGINIA BEACH,VIRGINIA,100
"OVERLAKE REPRODUCTIVE HEALTH INC., PS",,BELLEVUE,WASHINGTON,"Kevin M. Johnson, MD","OVERLAKE REPRODUCTIVE HEALTH, INC., PS",,BELLEVUE,WASHINGTON,99
NORTHWEST CENTER FOR REPRODUCTIVE SCIENCES,,KIRKLAND,WASHINGTON,"Michael S. Opsahl, MD",POMA FERTILITY,,KIRKLAND,WASHINGTON,14
OLYMPIA WOMEN'S HEALTH,,OLYMPIA,WASHINGTON,"James F. Moruzzi, MD, PhD",OLYMPIA WOMEN'S HEALTH,,OLYMPIA,WASHINGTON,100
PACIFIC NORTHWEST FERTILITY AND IVF SPECIALISTS,,SEATTLE,WASHINGTON,"Lorna A. Marshall, MD",PACIFIC NORTHWEST FERTILITY AND IVF SPECIALISTS,,SEATTLE,WASHINGTON,100
CENTER FOR ADVANCED REPRODUCTIVE MEDICINE,,HUNTINGTON,WEST VIRGINIA,"William N. Burns, MD",CABELL HUNTINGTON HOSPITAL,CENTER FOR ADVANCED REPRODUCTIVE MEDICINE,HUNTINGTON,WEST VIRGINIA,18
REPRODUCTIVE SPECIALTY CENTER,,MILWAUKEE,WISCONSIN,"Grace M. Janik, MD",REPRODUCTIVE SPECIALTY CENTER,,MILWAUKEE,WISCONSIN,100
